Tên danh m?c,Tên s?n ph?m
S?N S?N XU?T (HC1),ED89403-3A-V
S?N S?N XU?T (HC1),ED89403-3-V
S?N S?N XU?T (HC1),R07KN0027-17.00K
S?N S?N XU?T (HC1),TTH190.13
S?N S?N XU?T (HC1),W7109
S?N S?N XU?T (HC1),#100 D?U THÔNG NHANH KHÔ
S?N S?N XU?T (HC1),#13 GLAZE (CAM)
S?N S?N XU?T (HC1),#13 NC FILLER
S?N S?N XU?T (HC1),#150 D?U THÔNG CH?M KHÔ
S?N S?N XU?T (HC1),#3 GLAZE (??)
S?N S?N XU?T (HC1),#39 GLAZE (?? NÂU)
S?N S?N XU?T (HC1),#9 GLAZE (?EN THAN)
S?N S?N XU?T (HC1),000454451-RES-5.00K
S?N S?N XU?T (HC1),11-26 WIPPING THINNER LC VN
S?N S?N XU?T (HC1),188:014:10000-5.00K
S?N S?N XU?T (HC1),188:014:60727-5.00K
S?N S?N XU?T (HC1),188:016:20001-4.00K
S?N S?N XU?T (HC1),188:016:30000-4.00K
S?N S?N XU?T (HC1),210:002:10000-24.00K
S?N S?N XU?T (HC1),210:003-20.00K
S?N S?N XU?T (HC1),210:003-20.00K
S?N S?N XU?T (HC1),210:00410-20.00K
S?N S?N XU?T (HC1),210:00420-20.00K
S?N S?N XU?T (HC1),210:00430-20.00K
S?N S?N XU?T (HC1),210:00490-20.00K
S?N S?N XU?T (HC1),210:00505-20.00L
S?N S?N XU?T (HC1),210:00610-20.00K
S?N S?N XU?T (HC1),210:00690-20.00K
S?N S?N XU?T (HC1),210:00810-18.00K
S?N S?N XU?T (HC1),210:008-18.00K
S?N S?N XU?T (HC1),210:00830-18.00K
S?N S?N XU?T (HC1),210:00850-18.00K
S?N S?N XU?T (HC1),210:010-20.00K
S?N S?N XU?T (HC1),210:01410-20.00K
S?N S?N XU?T (HC1),210:01505-20.00L
S?N S?N XU?T (HC1),210:02210-18.00K
S?N S?N XU?T (HC1),210:02310-18.00K
S?N S?N XU?T (HC1),210:03990-20.00K
S?N S?N XU?T (HC1),212:001:10012-1.50K
S?N S?N XU?T (HC1),212:001:TTH16/17-1.50K
S?N S?N XU?T (HC1),213:005:30015-4.00K
S?N S?N XU?T (HC1),216:001-20.00L
S?N S?N XU?T (HC1),216:001-20.00L
S?N S?N XU?T (HC1),216:001-200.00L
S?N S?N XU?T (HC1),216:004-20.00L
S?N S?N XU?T (HC1),216:004-200.00L
S?N S?N XU?T (HC1),216:008-20.00L
S?N S?N XU?T (HC1),216:198-20.00L
S?N S?N XU?T (HC1),216:198-200.00L
S?N S?N XU?T (HC1),230:008/B-4.00K
S?N S?N XU?T (HC1),230:045:10001/A-18.00K
S?N S?N XU?T (HC1),230:045:IFFC04B/17-18.00K
S?N S?N XU?T (HC1),230:046/A-18.00K
S?N S?N XU?T (HC1),230:046/B-4.50K
S?N S?N XU?T (HC1),230:050/B-4.50K
S?N S?N XU?T (HC1),230:05010/A-18.00K
S?N S?N XU?T (HC1),230:05020/A-18.00K
S?N S?N XU?T (HC1),230:05050/A-18.00K
S?N S?N XU?T (HC1),230:05090/A-18.00K
S?N S?N XU?T (HC1),230:054/A-20.00K
S?N S?N XU?T (HC1),230:05550/A-20.00K
S?N S?N XU?T (HC1),230:056/B-4.00K
S?N S?N XU?T (HC1),230:063/B-4.50K
S?N S?N XU?T (HC1),230:070/B-4.50K
S?N S?N XU?T (HC1),230:077/A-18.00K
S?N S?N XU?T (HC1),230:089:10000/A-18.00K
S?N S?N XU?T (HC1),230:09710/A-18.00K
S?N S?N XU?T (HC1),230:09790/A-18.00K
S?N S?N XU?T (HC1),232:001:10002-16.00K
S?N S?N XU?T (HC1),232:001:TTH08/17-16.00K
S?N S?N XU?T (HC1),232:008:10012-25.00KINC
S?N S?N XU?T (HC1),233:002:20006-4.00K
S?N S?N XU?T (HC1),233:002:20016-4.00K
S?N S?N XU?T (HC1),233:002:30000-4.00K
S?N S?N XU?T (HC1),233:002:30100-4.00K
S?N S?N XU?T (HC1),233:002:30100-4.00K
S?N S?N XU?T (HC1),233:002:40000-4.00K
S?N S?N XU?T (HC1),233:002:50000-4.00K
S?N S?N XU?T (HC1),233:002:60000-4.00K
S?N S?N XU?T (HC1),233:002:60000-4.00K
S?N S?N XU?T (HC1),233:002:60100-4.00K
S?N S?N XU?T (HC1),233:002:70003-4.00K
S?N S?N XU?T (HC1),233:002:70013-4.00K
S?N S?N XU?T (HC1),233:002:IFFC04B/17-17.00K
S?N S?N XU?T (HC1),233:002:TTH02/20-17.00K (D?m màu)
S?N S?N XU?T (HC1),233:002:TTH08/17-17.00K
S?N S?N XU?T (HC1),233:002:TTH12/17-17.00K
S?N S?N XU?T (HC1),233:002:TTH16/17-17.00K
S?N S?N XU?T (HC1),234:01280-17.00K
S?N S?N XU?T (HC1),234:01280-17.00K
S?N S?N XU?T (HC1),234:01280-4.00K
S?N S?N XU?T (HC1),236:005-20.00L
S?N S?N XU?T (HC1),236:005-200.00L
S?N S?N XU?T (HC1),236:021-20.00L
S?N S?N XU?T (HC1),236:022-20.00L
S?N S?N XU?T (HC1),236:022-200.00L
S?N S?N XU?T (HC1),236:022-200.00LINC
S?N S?N XU?T (HC1),236:039-20.00L
S?N S?N XU?T (HC1),236:039-200.00L
S?N S?N XU?T (HC1),236:042-20.00L
S?N S?N XU?T (HC1),236:042-200.00L
S?N S?N XU?T (HC1),238:001:10100-9.00K
S?N S?N XU?T (HC1),238:001:20001-5.00K
S?N S?N XU?T (HC1),238:001:20022-7.00K
S?N S?N XU?T (HC1),238:001:20209-18.00K
S?N S?N XU?T (HC1),238:001:30001-5.00KINC
S?N S?N XU?T (HC1),238:001:30002-7.00K
S?N S?N XU?T (HC1),238:001:30100-5.00K
S?N S?N XU?T (HC1),238:001:30281-5.00L
S?N S?N XU?T (HC1),238:001:40000-5.00K
S?N S?N XU?T (HC1),238:001:40131-4.00K
S?N S?N XU?T (HC1),238:001:60001-5.00K
S?N S?N XU?T (HC1),238:001:60206-18.00K
S?N S?N XU?T (HC1),238:001:70100-5.00K
S?N S?N XU?T (HC1),238:008:70004-5.00K
S?N S?N XU?T (HC1),238:008:70104-5.00K
S?N S?N XU?T (HC1),238:008:70287-5.00L
S?N S?N XU?T (HC1),260:001-18.00K
S?N S?N XU?T (HC1),260:001-180.00K
S?N S?N XU?T (HC1),260:003-18.00K
S?N S?N XU?T (HC1),260:003-180.00K
S?N S?N XU?T (HC1),286:001-20.00L
S?N S?N XU?T (HC1),286:001-200.00L
S?N S?N XU?T (HC1),286:011-20.00L
S?N S?N XU?T (HC1),286:027-20.00L (DUNG MÔI H? GLAZE)
S?N S?N XU?T (HC1),286:091-20.00L
S?N S?N XU?T (HC1),288:008:TTH12/17-17.00K
S?N S?N XU?T (HC1),288:010:60797-5.00K
S?N S?N XU?T (HC1),288:014:70000-5.00K
S?N S?N XU?T (HC1),288:016:60001-4.00K
S?N S?N XU?T (HC1),288:016:60101-4.00K
S?N S?N XU?T (HC1),288:016:60207-5.00K
S?N S?N XU?T (HC1),288:016:60727-4.00K
S?N S?N XU?T (HC1),288:016:60727-4.00K
S?N S?N XU?T (HC1),288:016:70000-4.00K
S?N S?N XU?T (HC1),288:017:10400-20.00K
S?N S?N XU?T (HC1),288:017:10400-20.00K
S?N S?N XU?T (HC1),297:012-20.00K
S?N S?N XU?T (HC1),430C22222M-18KG (20 SHEEN LACQUER CONC)
S?N S?N XU?T (HC1),430C22222M-206KG (20 SHEEN LACQUER CONC)
S?N S?N XU?T (HC1),460C4017K-20KG (ch?t ch?ng ngã vàng)
S?N S?N XU?T (HC1),64-56 MICRO FILLER 12270 TT VN
S?N S?N XU?T (HC1),64-56 MICRO FILLER GBR TT VN
S?N S?N XU?T (HC1),64-56 MICRO FILLER KOBA DR TT VN
S?N S?N XU?T (HC1),64-56 MICRO FILLER MEMOLY TT VN
S?N S?N XU?T (HC1),64-56 MICRO FILLER MP WHITE TT VN
S?N S?N XU?T (HC1),64-56 MICRO FILLER MR WA TT VN
S?N S?N XU?T (HC1),64-56 MICRO FILLER OLIVER 108 TT VN-20KP
S?N S?N XU?T (HC1),64-56 MICRO FILLER PUBLIC DB TT VN-20KP
S?N S?N XU?T (HC1),64-56 MICRO FILLER SHI BR TT VN
S?N S?N XU?T (HC1),64-56 MICRO FILLER SI LBR TT VN
S?N S?N XU?T (HC1),64-56 MICRO FILLER SI W TT VN
S?N S?N XU?T (HC1),64-56 MICRO FILLER SURUGA TT VN
S?N S?N XU?T (HC1),64-56 MICRO FILLER TJ2021 TT VN
S?N S?N XU?T (HC1),64-56 MICRO FILLER TT K 01 TT VN
S?N S?N XU?T (HC1),64-56 MICRO FILLER VN
S?N S?N XU?T (HC1),AQUATEX 9BC TT83 ( BASED COAT MÀU T? NHIÊN )
S?N S?N XU?T (HC1),AQUATEX 9BC-TT31 (BASEDCOAT MÀU TR?NG)
S?N S?N XU?T (HC1),AQUATEX 9BC-TT39 (BASEDCOAT MÀU ?EN)
S?N S?N XU?T (HC1),AQUATEX 9BC-TT41 (Based coat màu 41)
S?N S?N XU?T (HC1),AQUATEX 9BC-TT42 (BASEDCOAT MÀU TR?NG)
S?N S?N XU?T (HC1),AQUATEX 9BC-TT43 (BASEDCOAT MÀU ?EN)
S?N S?N XU?T (HC1),AQUATEX 9BC-TT63 (Based coat màu 63)
S?N S?N XU?T (HC1),AQUATEX 9D-TT29 (MÀU D?M)
S?N S?N XU?T (HC1),AQUATEX 9D-TT30 (MÀU D?M)
S?N S?N XU?T (HC1),AQUATEX 9D-TT30 (MÀU D?M)
S?N S?N XU?T (HC1),AQUATEX 9ST TT82 ( STAIN MÀU T? NHIÊN )
S?N S?N XU?T (HC1),AQUATEX 9ST TT84 (STAIN MÀU NÂU )
S?N S?N XU?T (HC1),AQUATEX 9ST-TT39 (STAIN MÀU ?EN)
S?N S?N XU?T (HC1),AQUATEX 9ST-TT41 (Màu stain 41)
S?N S?N XU?T (HC1),AQUATEX 9ST-TT43 (STAIN MÀU ?EN)
S?N S?N XU?T (HC1),AQUATEX 9ST-TT63 (Màu stain 63)
S?N S?N XU?T (HC1),AQUATEX AL-215
S?N S?N XU?T (HC1),AQUATEX GZW-101 (Glaze trong h? n??c)
S?N S?N XU?T (HC1),AQUATEX HA 101 (TINH MÀU ?EN H? N??C)
S?N S?N XU?T (HC1),AQUATEX HA 301 (Tinh màu vàng chanh pha based coat h? n??c)
S?N S?N XU?T (HC1),AQUATEX HA 302 (Tinh màu vàng h? n??c)
S?N S?N XU?T (HC1),AQUATEX HA 314 (TINH MÀU VÀNG H? N??C)
S?N S?N XU?T (HC1),AQUATEX HA 407 (TINH MÀU ?? H? N??C)
S?N S?N XU?T (HC1),AQUATEX S 232 (Lót ch?ng chui d?u)
S?N S?N XU?T (HC1),AQUATEX T402 (DUNG MÔI H? N??C)
S?N S?N XU?T (HC1),AQUATEX U-9209P (Lót tr?ng h? n??c)
S?N S?N XU?T (HC1),AQUATEX W 4140D (N?n nhúng)
S?N S?N XU?T (HC1),AQUATEX W 9002G20 (Bóng trong h? n??c)
S?N S?N XU?T (HC1),AQUATEX W 9003G5 ( BÓNG TRONG H? N??C )
S?N S?N XU?T (HC1),AQUATEX W 9109N (CH?NG N?I GÂN MDF)
S?N S?N XU?T (HC1),AQUATEX W-4103P (Lót trong h? n??c)
S?N S?N XU?T (HC1),"AQUATEX W9002G10 (BÓNG TRONG H? N??C, BÓNG 10%)"
S?N S?N XU?T (HC1),"AQUATEX W-9003G10 (BÓNG TRONG H? N??C, BÓNG 10%)"
S?N S?N XU?T (HC1),"AQUATEX W-9003G10 (BÓNG TRONG H? N??C, BÓNG 10%)"
S?N S?N XU?T (HC1),"AQUATEX W9003G20 (BÓNG TRONG H? N??C,BÓNG 20%)"
S?N S?N XU?T (HC1),"AQUATEX W9003G30 (BÓNG TRONG H? N??C,BÓNG 30%)"
S?N S?N XU?T (HC1),AQUATEX W-9105P (LÓT TRONG H? N??C)
S?N S?N XU?T (HC1),AQUATEX W-9132P (LÓT TRONG H? N??C)
S?N S?N XU?T (HC1),AQUATEX WD 107 (TINH MÀU ?EN PHA STAIN)
S?N S?N XU?T (HC1),AQUATEX WD 304 (TINH MÀU VÀNG PHA STAIN)
S?N S?N XU?T (HC1),AQUATEX WD 408 (TINH MÀU ?? PHA STAIN)
S?N S?N XU?T (HC1),AQUATEX WD 504 ( TINH MÀU XANH H? N??C )
S?N S?N XU?T (HC1),B?C 000
S?N S?N XU?T (HC1),B?C 212
S?N S?N XU?T (HC1),BGH
S?N S?N XU?T (HC1),BGL
THU?C NGÂM T?M (HC3),B?CH ??NG THU?C M?I M?T
S?N S?N XU?T (HC1),BIO.GZ-BL
S?N S?N XU?T (HC1),BIO.GZ-BR
S?N S?N XU?T (HC1),BÓNG AC 10%
S?N S?N XU?T (HC1),BÓNG AC 20%
S?N S?N XU?T (HC1),BÓNG AC 30%
S?N S?N XU?T (HC1),BÓNG AC 5%
S?N S?N XU?T (HC1),BÓNG AC 50%
S?N S?N XU?T (HC1),BÓNG B5-3003 H 10%
S?N S?N XU?T (HC1),BÓNG BEX 03-2410 H 10%
S?N S?N XU?T (HC1),BÓNG BEX 03-2410 H 20%
S?N S?N XU?T (HC1),BÓNG BEX 03-2410 H 25%
S?N S?N XU?T (HC1),BÓNG BEX 03-2410 H 30%
S?N S?N XU?T (HC1),BÓNG BEX 03-2410 H 5%
S?N S?N XU?T (HC1),BÓNG BWEX 03-2410 H TR?NG 30%
S?N S?N XU?T (HC1),BÓNG MÀU 35% TT 14/18 H A
S?N S?N XU?T (HC1),BÓNG NC 10%
S?N S?N XU?T (HC1),BÓNG NC 30%
S?N S?N XU?T (HC1),BÓNG NC 3005 SCR 15%
S?N S?N XU?T (HC1),BÓNG NC 3005 SCR 20%
S?N S?N XU?T (HC1),BÓNG NC 3005 SCR 30%
S?N S?N XU?T (HC1),BÓNG NC 3005 SCR 5%
S?N S?N XU?T (HC1),BÓNG NC 40%
S?N S?N XU?T (HC1),BÓNG NC 50%
S?N S?N XU?T (HC1),BÓNG NC 80%
S?N S?N XU?T (HC1),BÓNG NC ?B 90%
S?N S?N XU?T (HC1),BÓNG NC HB 10%
S?N S?N XU?T (HC1),BÓNG NC HB 25%
S?N S?N XU?T (HC1),BÓNG NC HB 5%
S?N S?N XU?T (HC1),BÓNG NC MOD 1106 10%
S?N S?N XU?T (HC1),BÓNG NC MOD 1106 20%
S?N S?N XU?T (HC1),BÓNG NC MOD 1106 30%
S?N S?N XU?T (HC1),BÓNG NC MOD 1106 40%
S?N S?N XU?T (HC1),BÓNG NC MOD 1106 5%
S?N S?N XU?T (HC1),BÓNG NC NA 10%
S?N S?N XU?T (HC1),BÓNG NC NA 30%
S?N S?N XU?T (HC1),BÓNG NC NA 40%
S?N S?N XU?T (HC1),BÓNG NC NA 80%
S?N S?N XU?T (HC1),BÓNG NC NY 10%
S?N S?N XU?T (HC1),BÓNG NC NY 20%
S?N S?N XU?T (HC1),BÓNG NC NY 25%
S?N S?N XU?T (HC1),BÓNG NC NY 30%
S?N S?N XU?T (HC1),BÓNG NC NY 5%
S?N S?N XU?T (HC1),BÓNG NC NY TR?NG 25%
S?N S?N XU?T (HC1),BÓNG NC PAK
S?N S?N XU?T (HC1),BÓNG NC PAK 10%
S?N S?N XU?T (HC1),BÓNG NC PAK 20%
S?N S?N XU?T (HC1),BÓNG NC PAK 2512
S?N S?N XU?T (HC1),BÓNG NC PAK 2512 10%
S?N S?N XU?T (HC1),BÓNG NC PAK 2512 15%
S?N S?N XU?T (HC1),BÓNG NC PAK 2512 20%
S?N S?N XU?T (HC1),BÓNG NC PAK 2512 25%
S?N S?N XU?T (HC1),BÓNG NC PAK 2512 30%
S?N S?N XU?T (HC1),BÓNG NC PAK 2512 40%
S?N S?N XU?T (HC1),BÓNG NC PAK 2512 40%
S?N S?N XU?T (HC1),BÓNG NC PAK 2512 40%
S?N S?N XU?T (HC1),BÓNG NC PAK 2512 5%
S?N S?N XU?T (HC1),BÓNG NC PAK 2512 50%
S?N S?N XU?T (HC1),BÓNG NC PAK 2512 50%
S?N S?N XU?T (HC1),BÓNG NC PAK 2512 60%
S?N S?N XU?T (HC1),BÓNG NC PAK 30%
S?N S?N XU?T (HC1),BÓNG NC PAK 40%
S?N S?N XU?T (HC1),BÓNG NC PAK 5%
S?N S?N XU?T (HC1),BÓNG NC PAK 50%
S?N S?N XU?T (HC1),BÓNG NC PAK 70%
S?N S?N XU?T (HC1),BÓNG NC PAK 90%
S?N S?N XU?T (HC1),BÓNG NC T 2012 30%
S?N S?N XU?T (HC1),BÓNG NC-804 DVN TAN-42:5%
S?N S?N XU?T (HC1),BÓNG NCHB 15%
S?N S?N XU?T (HC1),BÓNG NCHB 20%
S?N S?N XU?T (HC1),BÓNG NCHB 30%
S?N S?N XU?T (HC1),BÓNG NCHB 40%
S?N S?N XU?T (HC1),BÓNG NCHB 5%
S?N S?N XU?T (HC1),BÓNG NCHB 50%
S?N S?N XU?T (HC1),BÓNG NCHB 50%
S?N S?N XU?T (HC1),BÓNG NCHB 80%
S?N S?N XU?T (HC1),BÓNG PU 2304 10%
S?N S?N XU?T (HC1),BÓNG PU 2705 20%
S?N S?N XU?T (HC1),BÓNG PU 2705 5%
S?N S?N XU?T (HC1),BÓNG PU 2705 BS
S?N S?N XU?T (HC1),BÓNG PU BTXX 10%
S?N S?N XU?T (HC1),BÓNG PU BTXX 20%
S?N S?N XU?T (HC1),BÓNG PU BTXX 30%
S?N S?N XU?T (HC1),BÓNG PU BTXX 5%
S?N S?N XU?T (HC1),BÓNG PU BTXX 90%
S?N S?N XU?T (HC1),BÓNG PU CA 01021 10%
S?N S?N XU?T (HC1),BÓNG PU HJFD 10%
S?N S?N XU?T (HC1),BÓNG PU HJFD 15%
S?N S?N XU?T (HC1),BÓNG PU HJFD 20%
S?N S?N XU?T (HC1),BÓNG PU HJFD 30%
S?N S?N XU?T (HC1),BÓNG PU HJFD 40%
S?N S?N XU?T (HC1),BÓNG PU HJFD 5%
S?N S?N XU?T (HC1),BÓNG PU HJFD 90%
S?N S?N XU?T (HC1),BÓNG PU HJFD TR?NG 20%
S?N S?N XU?T (HC1),BÓNG PU HJFD TR?NG 40%
S?N S?N XU?T (HC1),BÓNG PU HJFD TR?NG 40%
S?N S?N XU?T (HC1),BÓNG PU HJFD TR?NG 5%
S?N S?N XU?T (HC1),BÓNG PU HXXT 10%
S?N S?N XU?T (HC1),BÓNG PU HXXT 20%
S?N S?N XU?T (HC1),BÓNG PU HXXT 30%
S?N S?N XU?T (HC1),BÓNG PU HXXT 40%
S?N S?N XU?T (HC1),BÓNG PU HXXT 5%
S?N S?N XU?T (HC1),BÓNG PU HXXT 90%
S?N S?N XU?T (HC1),BÓNG PU HXXT NA 10%
S?N S?N XU?T (HC1),BÓNG PU HXXT NA 30%
S?N S?N XU?T (HC1),BÓNG PU HXXT NA 60%
S?N S?N XU?T (HC1),BÓNG PU HXXT NA TR?NG 60%
S?N S?N XU?T (HC1),BÓNG PU HXXT TR?NG
S?N S?N XU?T (HC1),BÓNG PU HXXT TR?NG 10%
S?N S?N XU?T (HC1),BÓNG PU HXXT TR?NG 30%
S?N S?N XU?T (HC1),BÓNG PU HXXT TR?NG 30%
S?N S?N XU?T (HC1),BÓNG PU HXXT TR?NG 5%
S?N S?N XU?T (HC1),BÓNG PU HXXT TR?NG 90%
S?N S?N XU?T (HC1),BÓNG PU SM 2 90%
S?N S?N XU?T (HC1),BÓNG PU SM 2 TR?NG 90%
S?N S?N XU?T (HC1),BÓNG PU TXXT 10%
S?N S?N XU?T (HC1),BÓNG PU TXXT 30%
S?N S?N XU?T (HC1),BÓNG PU TXXT 40%
S?N S?N XU?T (HC1),BÓNG PU TXXT 90%
S?N S?N XU?T (HC1),BÓNG PU VS 041110 20%
S?N S?N XU?T (HC1),BÓNG TR?NG NC NY 10%
S?N S?N XU?T (HC1),BÓNG TR?NG NCNY 20%
S?N S?N XU?T (HC1),BÓNG TR?NG NCNY 5%
S?N S?N XU?T (HC1),BÓNG TR?NG PU HJFD 30%
S?N S?N XU?T (HC1),BÓNG TR?NG PU HJFD 5%
S?N S?N XU?T (HC1),BÓNG TR?NG PU HJFD 90%
S?N S?N XU?T (HC1),B?T TR?NG
KEO (HC2),B?T TRÉT MR200
S?N S?N XU?T (HC1),BT PU 1711 PRIMER (Ch?t bám dính)
S?N S?N XU?T (HC1),BW39085%
S?N S?N XU?T (HC1),BZI
S?N S?N XU?T (HC1),CH?T NG?N D?U TB 2211 H
S?N S?N XU?T (HC1),C?N CÔNG NGHI?P
S?N S?N XU?T (HC1),C?NG AC
S?N S?N XU?T (HC1),C?NG BÓNG PU VS 041110
S?N S?N XU?T (HC1),C?NG NC MOD BÓNG 1106
S?N S?N XU?T (HC1),C?NG NC MOD LÓT 1106
S?N S?N XU?T (HC1),C?NG PU
S?N S?N XU?T (HC1),C?NG PU 0707 B
S?N S?N XU?T (HC1),C?NG PU 0707 L (T? )
S?N S?N XU?T (HC1),C?NG PU 0707 L (T?)
S?N S?N XU?T (HC1),C?NG PU FD 0212 L
S?N S?N XU?T (HC1),C?NG PU FD 2106 L
S?N S?N XU?T (HC1),C?NG PU FD TOP 1406
S?N S?N XU?T (HC1),C?NG PU FD TOP 1406
S?N S?N XU?T (HC1),C?NG PU FD WS
S?N S?N XU?T (HC1),C?NG PU HXXT
S?N S?N XU?T (HC1),C?NG PU SM 2906
S?N S?N XU?T (HC1),C?NG PU TXXT
"MOUSSE, GÒN, N?M (NM2)",D2570-C
"MOUSSE, GÒN, N?M (NM2)",D2570-C
BAO BÌ (BB1),??U GI?Y 3 L?P
BAO BÌ (BB1),??U GI?Y 3 L?P XEO
S?N S?N XU?T (HC1),D?U LAU OBT 2105/2610
S?N S?N XU?T (HC1),D?U OBT 01 N 2509/17
S?N S?N XU?T (HC1),D?U OBT 0305 TTH
S?N S?N XU?T (HC1),D?U OBT 20105 11
S?N S?N XU?T (HC1),?EN K (1-10)
S?N S?N XU?T (HC1),?EN PA 100 W
S?N S?N XU?T (HC1),?EN PA 100 W
S?N S?N XU?T (HC1),?EN PB 1012 (1-6) PE
S?N S?N XU?T (HC1),?EN TC L3 (1-2) DM
S?N S?N XU?T (HC1),DILUENT BT 08 H
S?N S?N XU?T (HC1),?? 708 W
S?N S?N XU?T (HC1),?? 708 W
S?N S?N XU?T (HC1),?? F3 RK (1-0.5) DM
S?N S?N XU?T (HC1),?? F3 RK (1-0.8) PE
S?N S?N XU?T (HC1),?? NEW SUPPER (1-2)DM
S?N S?N XU?T (HC1),?? R 95
S?N S?N XU?T (HC1),?? RED BT 01 H
S?N S?N XU?T (HC1),?? RP 718 (1-1)PE
S?N S?N XU?T (HC1),?? RS 718 (1-1) DM
S?N S?N XU?T (HC1),?? SUPER (1-2) DM
S?N S?N XU?T (HC1),?? SUPER (1-2)PE
S?N S?N XU?T (HC1),?? SUPPER (1-2) DM
S?N S?N XU?T (HC1),?? SUPPER (1-2)DM
S?N S?N XU?T (HC1),?? SUPPER (1-2)PE
S?N S?N XU?T (HC1),?? VM 334
S?N S?N XU?T (HC1),DUNG MÔI PU 2304
S?N S?N XU?T (HC1),DUNG MÔI AC
S?N S?N XU?T (HC1),DUNG MÔI BÃ B?T
S?N S?N XU?T (HC1),DUNG MÔI GLAZE
S?N S?N XU?T (HC1),DUNG MÔI LÓT PU
S?N S?N XU?T (HC1),DUNG MÔI NC 02
S?N S?N XU?T (HC1),DUNG MÔI NC HB
S?N S?N XU?T (HC1),DUNG MÔI NC NA
S?N S?N XU?T (HC1),DUNG MÔI NC.02
S?N S?N XU?T (HC1),DUNG MÔI PAD STAIN
S?N S?N XU?T (HC1),DUNG MÔI PHA STAIN B?C
S?N S?N XU?T (HC1),DUNG MÔI PU
S?N S?N XU?T (HC1),DUNG MÔI PU 2304
S?N S?N XU?T (HC1),DUNG MÔI PU LÓT
S?N S?N XU?T (HC1),DUNG MÔI PU NA
S?N S?N XU?T (HC1),DUNG MÔI PU TXXT
S?N S?N XU?T (HC1),DUNG MÔI SBM
S?N S?N XU?T (HC1),DUNG MÔI S?N N?T
S?N S?N XU?T (HC1),DUNG MÔI S?N N?T
S?N S?N XU?T (HC1),DUNG MÔI SP
S?N S?N XU?T (HC1),DUNG MÔI T-247
S?N S?N XU?T (HC1),DUNG MÔI WOOD FILLER
S?N S?N XU?T (HC1),ED89403-2601-V24.00K
S?N S?N XU?T (HC1),ED89403-2-V
S?N S?N XU?T (HC1),ED89403-3201-V24.00K
S?N S?N XU?T (HC1),ED89403-3501-V24.00K
S?N S?N XU?T (HC1),ED89403-3A-V
S?N S?N XU?T (HC1),ED89403-4501-V24.00K
S?N S?N XU?T (HC1),ED89403-5001-V25.00K
S?N S?N XU?T (HC1),ED89403-9501-V22.00K
S?N S?N XU?T (HC1),EDV/1403-2-V
S?N S?N XU?T (HC1),EDV/1403-3-V
S?N S?N XU?T (HC1),EDV/1403-4-V22.00K
S?N S?N XU?T (HC1),EDV/1403-6-V22.00K
S?N S?N XU?T (HC1),EL89004-V
S?N S?N XU?T (HC1),EM635-0005-V
S?N S?N XU?T (HC1),EM635-0010-V
S?N S?N XU?T (HC1),EM635-0030T-V
S?N S?N XU?T (HC1),EM635-0030-V
S?N S?N XU?T (HC1),EM8935-0005-V
S?N S?N XU?T (HC1),EV4365-B5.00K
S?N S?N XU?T (HC1),F63CN0139-18.00K
S?N S?N XU?T (HC1),F63FN0380-18.00K
S?N S?N XU?T (HC1),F63FN0381-18.00K
S?N S?N XU?T (HC1),F63FN03815-18.00K
S?N S?N XU?T (HC1),F63FN0382-18.00K
S?N S?N XU?T (HC1),F63FN0383-18.00K
S?N S?N XU?T (HC1),F78FN0041:TTH01/20-18.00K (BÓNG MÀU PU)
S?N S?N XU?T (HC1),F78FN0045-18.00K
THU?C NGÂM T?M (HC3),F-CLEAN
S?N S?N XU?T (HC1),G-785-TAN-55 GLAZE
S?N S?N XU?T (HC1),G-785-TAN-61 GLAZE
S?N S?N XU?T (HC1),G-785-TAN-62 GLAZE
S?N S?N XU?T (HC1),G-785-TAN-63 GLAZE
S?N S?N XU?T (HC1),G-785-TAN-66 GLAZE
S?N S?N XU?T (HC1),G-785-TAN-69 GLAZE
S?N S?N XU?T (HC1),GIANT BLUE (1-2)DM
BAO BÌ (BB1),GI?Y 3 L?P SÓNG ??NG 460
BAO BÌ (BB1),GI?Y 3 L?P SÓNG ??NG 460
S?N S?N XU?T (HC1),GLAZE
S?N S?N XU?T (HC1),GLAZE 785 BBR
S?N S?N XU?T (HC1),GLAZE 785 BBR
S?N S?N XU?T (HC1),GLAZE 785 C BLACK
S?N S?N XU?T (HC1),GLAZE 785 FAST RED
S?N S?N XU?T (HC1),GLAZE 785 VBN
S?N S?N XU?T (HC1),GLAZE BT 2506 H
S?N S?N XU?T (HC1),GLAZE BT 2904 H TR?NG
S?N S?N XU?T (HC1),GLAZE ?EN BT 2203
S?N S?N XU?T (HC1),GLAZE ?? BT 2203
S?N S?N XU?T (HC1),GLAZE G601 TAN-43
S?N S?N XU?T (HC1),GLAZE G603 FRM WHITE
S?N S?N XU?T (HC1),GLAZE MÀU 1 TT 17/20 H
S?N S?N XU?T (HC1),GLAZE MÀU 1 TT 33/20 H
S?N S?N XU?T (HC1),GLAZE MÀU 2 TT 17/20 H
S?N S?N XU?T (HC1),GLAZE MÀU 2 TT 33/20 H
S?N S?N XU?T (HC1),GLAZE MÀU TT #7000
S?N S?N XU?T (HC1),GLAZE MÀU TT 01/20 H
S?N S?N XU?T (HC1),GLAZE MÀU TT 02/20 H
S?N S?N XU?T (HC1),GLAZE MÀU TT 04/20 H
S?N S?N XU?T (HC1),GLAZE MÀU TT 05/20 H
S?N S?N XU?T (HC1),GLAZE MÀU TT 06/20 H
S?N S?N XU?T (HC1),GLAZE MÀU TT 07/20 H
S?N S?N XU?T (HC1),GLAZE MÀU TT 10/20 H
S?N S?N XU?T (HC1),GLAZE MÀU TT 1008
S?N S?N XU?T (HC1),GLAZE MÀU TT 1013A
S?N S?N XU?T (HC1),GLAZE MÀU TT 1013B
S?N S?N XU?T (HC1),GLAZE MÀU TT 1030
S?N S?N XU?T (HC1),GLAZE MÀU TT 14/20 H
S?N S?N XU?T (HC1),GLAZE MÀU TT 16/20 H
S?N S?N XU?T (HC1),GLAZE MÀU TT 29/20 H
S?N S?N XU?T (HC1),GLAZE MÀU TT 34/20 H
S?N S?N XU?T (HC1),GLAZE MÀU TT 35/20 H
S?N S?N XU?T (HC1),GLAZE MÀU TT 37/20 H
S?N S?N XU?T (HC1),GLAZE MÀU TT 803
S?N S?N XU?T (HC1),GLAZE MÀU TT 832
S?N S?N XU?T (HC1),GLAZE MÀU TT 847
S?N S?N XU?T (HC1),GLAZE MÀU TT 848
S?N S?N XU?T (HC1),GLAZE MÀU TT 853
S?N S?N XU?T (HC1),GLAZE MÀU TT 856
S?N S?N XU?T (HC1),GLAZE MÀU TT 911
S?N S?N XU?T (HC1),GLAZE MÀU TT 912
S?N S?N XU?T (HC1),GLAZE MÀU TT 914
S?N S?N XU?T (HC1),GLAZE MÀU TT 922
S?N S?N XU?T (HC1),GLAZE MÀU TT 948
S?N S?N XU?T (HC1),GLAZE MÀU TT BONE WHITE H
S?N S?N XU?T (HC1),GLAZE MÀU TT724
S?N S?N XU?T (HC1),GLAZE MÀU TT739
S?N S?N XU?T (HC1),GLAZE MÀU TT739A
S?N S?N XU?T (HC1),GLAZE MÀU TT742
S?N S?N XU?T (HC1),GLAZE MÀU TT776
S?N S?N XU?T (HC1),GLAZE MÀU TT778
S?N S?N XU?T (HC1),GLAZE NÂU
S?N S?N XU?T (HC1),GLAZE NÂU BR 51-2912
S?N S?N XU?T (HC1),GLAZE NÂU BT 2102
S?N S?N XU?T (HC1),GLAZE OIL
S?N S?N XU?T (HC1),GLAZE PU
S?N S?N XU?T (HC1),GLAZE TR?NG
S?N S?N XU?T (HC1),GLAZE TT345
S?N S?N XU?T (HC1),GLAZE T? NHIÊN BT 2912
S?N S?N XU?T (HC1),GLAZE VÀNG BT 2203
S?N S?N XU?T (HC1),GZ-12200 VAN DICK BROWN
S?N S?N XU?T (HC1),GZ-12700 N BLACK
S?N S?N XU?T (HC1),GZ-12700 N BURNT UMBER
S?N S?N XU?T (HC1),GZ-9127 WS AK
S?N S?N XU?T (HC1),HD-BGL CH?T C?NG
KEO (HC2),KEO LOCTITE 727
S?N S?N XU?T (HC1),L61CN0069-18.00K
S?N S?N XU?T (HC1),LÓT
S?N S?N XU?T (HC1),LÓT LAU NC (LM)
S?N S?N XU?T (HC1),LÓT MÀU 1 TT 36/20 H
S?N S?N XU?T (HC1),LÓT MÀU 2 TT 36/20 H
S?N S?N XU?T (HC1),LÓT MÀU NC TT #7000
S?N S?N XU?T (HC1),LÓT MÀU NC TT 1519
S?N S?N XU?T (HC1),LÓT MÀU NC TT 1558
S?N S?N XU?T (HC1),LÓT MÀU NC TT 1655
S?N S?N XU?T (HC1),LÓT MÀU NC TT 1655
S?N S?N XU?T (HC1),LÓT MÀU PAK TT 1578
S?N S?N XU?T (HC1),LÓT MÀU PU TT 1969
S?N S?N XU?T (HC1),LÓT MÀU PU TT 1970
S?N S?N XU?T (HC1),LÓT MÀU QUÉT C? TT 08/20 H
S?N S?N XU?T (HC1),LÓT MÀU TT 03/20 H
S?N S?N XU?T (HC1),LÓT MÀU TT 10/20 H
S?N S?N XU?T (HC1),LÓT MÀU TT 1030
S?N S?N XU?T (HC1),LÓT MÀU TT 14/18 H A
S?N S?N XU?T (HC1),LÓT MÀU TT 15/18 H
S?N S?N XU?T (HC1),LÓT MÀU TT 16/20 H
S?N S?N XU?T (HC1),LÓT MÀU TT 24/20 H
S?N S?N XU?T (HC1),LÓT MÀU TT 27/20 H
S?N S?N XU?T (HC1),LÓT MÀU TT 27/20 H
S?N S?N XU?T (HC1),LÓT MÀU TT 28/20 H
S?N S?N XU?T (HC1),LÓT MÀU TT 30/20 H
S?N S?N XU?T (HC1),LÓT MÀU TT 31/20 H
S?N S?N XU?T (HC1),LÓT MÀU TT 32/20 H
S?N S?N XU?T (HC1),LÓT MÀU TT 807
S?N S?N XU?T (HC1),LÓT MÀU TT 856
S?N S?N XU?T (HC1),LÓT MÀU TT 948
S?N S?N XU?T (HC1),LÓT MÀU TT 949
S?N S?N XU?T (HC1),LÓT MÀU TT 949
S?N S?N XU?T (HC1),LÓT MÀU TT MON TAUK WHITE (H)
S?N S?N XU?T (HC1),LÓT NC 2307 TR?NG
S?N S?N XU?T (HC1),LÓT NC HB
S?N S?N XU?T (HC1),LÓT NC MOD 1106
S?N S?N XU?T (HC1),LÓT NC NA
S?N S?N XU?T (HC1),LÓT NC PAK
S?N S?N XU?T (HC1),LÓT NC PAK 2512
S?N S?N XU?T (HC1),LÓT NC T 2012
S?N S?N XU?T (HC1),LÓT NC T2012
S?N S?N XU?T (HC1),LÓT NC-823 DVN WHITE
S?N S?N XU?T (HC1),LÓT NHÚNG BT-0511 H
S?N S?N XU?T (HC1),LÓT PU 2802
S?N S?N XU?T (HC1),LÓT PU 2802 TR?NG
S?N S?N XU?T (HC1),LÓT PU FD 0212
S?N S?N XU?T (HC1),LÓT PU FD 2106 TR?NG
S?N S?N XU?T (HC1),LÓT PU NA
S?N S?N XU?T (HC1),LÓT PU NA TR?NG
S?N S?N XU?T (HC1),LÓT PU TR?NG
S?N S?N XU?T (HC1),LÓT PU TT 0807
S?N S?N XU?T (HC1),LÓT PU TXXT
S?N S?N XU?T (HC1),LÓT PU TXXT 3006
S?N S?N XU?T (HC1),LÓT QUÉT C? TT 09/20 H
S?N S?N XU?T (HC1),LÓT S03-2410 H
S?N S?N XU?T (HC1),LÓT SW2-2108 H TR?NG
S?N S?N XU?T (HC1),LÓT TR?NG AC
S?N S?N XU?T (HC1),LÓT TR?NG NCHB
S?N S?N XU?T (HC1),LÓT TR?NG SW 8-2603 H
S?N S?N XU?T (HC1),LÓT WS1-1705 H TR?NG
S?N S?N XU?T (HC1),LOTS
S?N S?N XU?T (HC1),MA MOI
S?N S?N XU?T (HC1),MA MOI
S?N S?N XU?T (HC1),MÀU ?? 334
S?N S?N XU?T (HC1),MÀU LAU TT 1052
S?N S?N XU?T (HC1),MÀU LAU TT 1052 (H)
S?N S?N XU?T (HC1),MÀU LAU TT 1177
S?N S?N XU?T (HC1),MÀU LAU TT 1287
S?N S?N XU?T (HC1),MÀU LAU TT 1292
S?N S?N XU?T (HC1),MÀU LAU TT 703
S?N S?N XU?T (HC1),MÀU LAU TT 771B
S?N S?N XU?T (HC1),MÀU LAU TT 828
S?N S?N XU?T (HC1),MÀU LAU TT 908
S?N S?N XU?T (HC1),MÀU LAU TT 913
S?N S?N XU?T (HC1),MÀU LAU TT 919
S?N S?N XU?T (HC1),MÀU LAU TT717
S?N S?N XU?T (HC1),MÀU LAU TT736
S?N S?N XU?T (HC1),MÀU LAU TT771
S?N S?N XU?T (HC1),MÀU NÂU BP 1008 (1-1) PE
S?N S?N XU?T (HC1),MÀU PHUN H?T TT BONE WHITE
S?N S?N XU?T (HC1),MÀU VÀNG 412
S?N S?N XU?T (HC1),MÀU XANH D??NG 4 GA
S?N S?N XU?T (HC1),MÀU XANH LÁ GT
S?N S?N XU?T (HC1),MEP-12003 PS VN
THU?C NGÂM T?M (HC3),MULTIBOR
S?N S?N XU?T (HC1),NÂU 1008 W
S?N S?N XU?T (HC1),NÂU 1008 W
S?N S?N XU?T (HC1),NÂU 620 (1-2) DM
S?N S?N XU?T (HC1),NÂU 620 (1-2)PE
S?N S?N XU?T (HC1),NÂU BP-1008 PE
S?N S?N XU?T (HC1),NÂU BU 5511 (1-1) PE
S?N S?N XU?T (HC1),NC 823 TAN 38 WORN BLACK
S?N S?N XU?T (HC1),NC 826 DV 20%
S?N S?N XU?T (HC1),NC 875 HI
S?N S?N XU?T (HC1),NC-830 DV:5%
S?N S?N XU?T (HC1),NC-875 CVN
S?N S?N XU?T (HC1),NCL-40800 LC MOD CLEAR 05 VN
S?N S?N XU?T (HC1),NCL-40800 LC MOD CLEAR 10 VN
S?N S?N XU?T (HC1),NCL-40800 LC MOD CLEAR 20 VN
S?N S?N XU?T (HC1),NCL-40800 LC MOD CLEAR 80 VN
S?N S?N XU?T (HC1),NCL-9408 10 AK
S?N S?N XU?T (HC1),NCL-9408 90 AK
S?N S?N XU?T (HC1),NCSS-30800 LC MOD VN
S?N S?N XU?T (HC1),NCSS-30800 LC VN
S?N S?N XU?T (HC1),NCSS-9308 LC AK
S?N S?N XU?T (HC1),NH? ??NG ??
S?N S?N XU?T (HC1),NH? ??NG ??
S?N S?N XU?T (HC1),NH? ??NG VÀNG
S?N S?N XU?T (HC1),NH? ??NG VÀNG
S?N S?N XU?T (HC1),NH?A BT 141216
S?N S?N XU?T (HC1),NH?A STAIN 1604 H
S?N S?N XU?T (HC1),NH?A STAIN OD 20/09
S?N S?N XU?T (HC1),NM89002-0005-V18.00K
S?N S?N XU?T (HC1),NM89002-0010:TTH14/17-18.00K
S?N S?N XU?T (HC1),NM89002-0010-V18.00K
S?N S?N XU?T (HC1),NM89002-0020-V18.00K
S?N S?N XU?T (HC1),NM89002-0030-E180.00K
S?N S?N XU?T (HC1),NM89002-0030-V18.00K
S?N S?N XU?T (HC1),NT873-C
S?N S?N XU?T (HC1),NT873-E
S?N S?N XU?T (HC1),NTV502-C
S?N S?N XU?T (HC1),NTV502-E
S?N S?N XU?T (HC1),P60G00002-18.90L
S?N S?N XU?T (HC1),P60G00002-3.78L
S?N S?N XU?T (HC1),P61WN0024:TTH14/17-20.00K
S?N S?N XU?T (HC1),P61WN0024-20.00K
S?N S?N XU?T (HC1),PAST ?EN (1-2) PE
S?N S?N XU?T (HC1),PCA-31100 BLACK PASTE VN
S?N S?N XU?T (HC1),PCA-31100 BLUE OG PASTE VN
S?N S?N XU?T (HC1),PCA-31100 RED OB 35 PASTE VN
S?N S?N XU?T (HC1),PCA-31100 WHITE PASTE VN
S?N S?N XU?T (HC1),PCA-31100 YELLOW OG 16 PASTE VN
S?N S?N XU?T (HC1),PCL-31300 RED OY 31 PASTE
S?N S?N XU?T (HC1),PCL-31300 WHITE PASTE
S?N S?N XU?T (HC1),PH? GIA SP 2
S?N S?N XU?T (HC1),PH? GIA TB
S?N S?N XU?T (HC1),PS-15100 DASUNG TT VN
S?N S?N XU?T (HC1),PU 5~50% BÓNG TRONG (2:1:1.2)
S?N S?N XU?T (HC1),PU BASECOAT VÀNG L?T
S?N S?N XU?T (HC1),PU C?NG
S?N S?N XU?T (HC1),PU LÓT TRONG (2:1:1.2)
S?N S?N XU?T (HC1),PU X?NG PHA BÓNG
S?N S?N XU?T (HC1),PU X?NG PHA LÓT
S?N S?N XU?T (HC1),PU-2022-TAN-55 LÓT PU MÀU
S?N S?N XU?T (HC1),PU-2022-TAN-61 LÓT PU MÀU
S?N S?N XU?T (HC1),PU-2022-TAN-66 LÓT PU MÀU
S?N S?N XU?T (HC1),PU-2055 WHITE
S?N S?N XU?T (HC1),PU-386(N5) LÓT PU TRONG
S?N S?N XU?T (HC1),PU-7317:10% BÓNG PU TRONG
S?N S?N XU?T (HC1),PUC-52235 BLACK 10 VN
S?N S?N XU?T (HC1),PUC-52235 GREEN 20 TT VN
S?N S?N XU?T (HC1),PUC-52239 BLACK 05 VN
S?N S?N XU?T (HC1),PUC-52239 BLUE 20 TT VN
S?N S?N XU?T (HC1),PUC-52239 GREEN CL 10 TT VN
S?N S?N XU?T (HC1),PUC-52239 PINK 20 TT VN
S?N S?N XU?T (HC1),PUC-52239 YELLOW CL 10 TT VN
S?N S?N XU?T (HC1),PUC-54205 AC COMPACT 10 TT VN
S?N S?N XU?T (HC1),PUC-54205 AC ECRU 05 TT VN
S?N S?N XU?T (HC1),PUC-54205 AC NOI DIA 05 TT VN
S?N S?N XU?T (HC1),PUC-54205 AC WHITE 20 TT VN
S?N S?N XU?T (HC1),PUC-54206 AC EX 09040 50 TT VN
S?N S?N XU?T (HC1),PUC-54206 AC EX BU LEAF 30 TT VN
S?N S?N XU?T (HC1),PUC-54206 AC EX BV2023 20 TT VN
S?N S?N XU?T (HC1),PUC-54206 AC EX MP BLUE 05 TT VN
S?N S?N XU?T (HC1),PUC-54206 AC EX MP WHI 05 TT VN
S?N S?N XU?T (HC1),PUC-54206 AC EX SI W 10 TT VN
S?N S?N XU?T (HC1),PUH-56133 S VN
S?N S?N XU?T (HC1),PUH-56133 S VN
S?N S?N XU?T (HC1),PUH-56135 S VN
S?N S?N XU?T (HC1),PUH-56135 S VN
S?N S?N XU?T (HC1),PUH-56139 VN
S?N S?N XU?T (HC1),PUH-56306 LY VN
S?N S?N XU?T (HC1),PUH-56306 LY VN
S?N S?N XU?T (HC1),PUL-51333 CLEAR 90 VN
S?N S?N XU?T (HC1),PUL-51335 CLEAR 10 VN
S?N S?N XU?T (HC1),PUL-51335 CLEAR 30 VN
S?N S?N XU?T (HC1),PUL-51339 CLEAR 05 VN
S?N S?N XU?T (HC1),PUL-51339 CLEAR 10 VN
S?N S?N XU?T (HC1),PUL-51339 CLEAR 20 VN
S?N S?N XU?T (HC1),PUL-51339 CLEAR 30 VN
S?N S?N XU?T (HC1),PUL-53306 AC EX CLEAR 05 VN
S?N S?N XU?T (HC1),PUL-53306 AC EX CLEAR 08
S?N S?N XU?T (HC1),PUL-53306 AC EX CLEAR 10 VN
S?N S?N XU?T (HC1),PUL-53306 AC EX CLEAR 20 VN
S?N S?N XU?T (HC1),PUL-53306 AC EX CLEAR 90 VN
S?N S?N XU?T (HC1),PUP-52133 BLACK VN
S?N S?N XU?T (HC1),PUP-52133 GREEN CL TT VN
S?N S?N XU?T (HC1),PUP-52133 WHITE ST VN
S?N S?N XU?T (HC1),PUP-52133 YELLOW CL TT VN
S?N S?N XU?T (HC1),PUSS-51233 VN
S?N S?N XU?T (HC1),PUSS-51233 VN
S?N S?N XU?T (HC1),PUTTY BT 1510 H
S?N S?N XU?T (HC1),R04KN0001-20.00L (DUNG MÔI)
S?N S?N XU?T (HC1),R04KN0001-200.00L (DUNG MÔI)
S?N S?N XU?T (HC1),R04KN0002-20.00L
S?N S?N XU?T (HC1),R04KN0002-20.00L
S?N S?N XU?T (HC1),R04KN0002-200.00L
S?N S?N XU?T (HC1),R06K00076-20.00L
S?N S?N XU?T (HC1),R06K00076-200.00L
S?N S?N XU?T (HC1),R07K00044-20.00L
S?N S?N XU?T (HC1),R07K00044-20.00L
S?N S?N XU?T (HC1),R07K00044-20.00L
S?N S?N XU?T (HC1),R07KN0020-20.00L
S?N S?N XU?T (HC1),R07KN0020-200.00L
S?N S?N XU?T (HC1),R07KN0021-20.00L
S?N S?N XU?T (HC1),R07KN0021-200.00L
S?N S?N XU?T (HC1),R07KN0027-20.00L
S?N S?N XU?T (HC1),R07KN0027-200.00L
S?N S?N XU?T (HC1),R07KN0038-18.00K
"MOUSSE, GÒN, N?M (NM2)",RB80
"MOUSSE, GÒN, N?M (NM2)",RB80
S?N S?N XU?T (HC1),RD-74103 VN
S?N S?N XU?T (HC1),REDUCER 04 H
S?N S?N XU?T (HC1),REDUCER 09 H
S?N S?N XU?T (HC1),S62CN0001-16.00K
S?N S?N XU?T (HC1),S62WY3800-7.00K
THU?C NGÂM T?M (HC3),SODA ASH LIGHT (TQ)
S?N S?N XU?T (HC1),S?N B?C TT SANDGREY
S?N S?N XU?T (HC1),S?N B?C TT671
S?N S?N XU?T (HC1),S?N MÀU 20% TT 03/20 H
S?N S?N XU?T (HC1),S?N MÀU 20% TT 15/18 H
S?N S?N XU?T (HC1),S?N MÀU 30% TT MON TAUK WHITE (H)
S?N S?N XU?T (HC1),S?N MÀU NC NY 25% TT 1519
S?N S?N XU?T (HC1),S?N MÀU NC NY 10% TT 1578
S?N S?N XU?T (HC1),S?N MÀU PU 10% TT 949
S?N S?N XU?T (HC1),S?N MÀU PU 10% TT 961
S?N S?N XU?T (HC1),S?N MÀU PU HJFD 10% TT 1032
S?N S?N XU?T (HC1),S?N MÀU PU HJFD 10% TT 1034
S?N S?N XU?T (HC1),S?N MÀU PU HJFD 10% TT 1154
S?N S?N XU?T (HC1),S?N MÀU PU HJFD 10% TT 1155
S?N S?N XU?T (HC1),S?N MÀU PU HJFD 5% TT 1093
S?N S?N XU?T (HC1),S?N MÀU PU HJFD TT 1271
S?N S?N XU?T (HC1),S?N MÀU PU HJFD TT 1272
S?N S?N XU?T (HC1),S?N MÀU PU HXXT 30% TT 1506
S?N S?N XU?T (HC1),S?N MÀU PU HXXT 5% TT 1406
S?N S?N XU?T (HC1),S?N MÀU PU HXXT 5% TT 15/17
S?N S?N XU?T (HC1),S?N MÀU PU HXXT 5% TT 1645
S?N S?N XU?T (HC1),S?N MÀU PU HXXT 5% TT 1789
S?N S?N XU?T (HC1),S?N MÀU PU TT 1969 10%
S?N S?N XU?T (HC1),S?N MÀU PU TT 1970 10%
S?N S?N XU?T (HC1),S?N MÀU PUHJFD 5% TT 1076
S?N S?N XU?T (HC1),S?N MÀU PUHJFD 5% TT 1077
S?N S?N XU?T (HC1),S?N MÀU TT 13/20 H 10%
S?N S?N XU?T (HC1),S?N MÀU TT 27/20 H 10%
S?N S?N XU?T (HC1),S?N MÀU TT 28/20 H 10%
S?N S?N XU?T (HC1),S?N MÀU TT 30/20 H 10%
S?N S?N XU?T (HC1),S?N MÀU TT 31/20 H 10%
S?N S?N XU?T (HC1),S?N MÀU TT 32/20 H 10%
S?N S?N XU?T (HC1),S?N MÀU TT 826
S?N S?N XU?T (HC1),S?N MÀU TT 892
S?N S?N XU?T (HC1),S?N MÀU TT 949
S?N S?N XU?T (HC1),S?N MÀU TT 961
S?N S?N XU?T (HC1),S?N MÀU TT 963
S?N S?N XU?T (HC1),S?N MÀU TT 965
S?N S?N XU?T (HC1),S?N N?T CRL
S?N S?N XU?T (HC1),SST-11100 02 BR TT VN
S?N S?N XU?T (HC1),SST-11100 B TT K 01 TT VN
S?N S?N XU?T (HC1),SST-11100 C10 BLACK
S?N S?N XU?T (HC1),SST-11100 C10 BLUE
S?N S?N XU?T (HC1),SST-11100 C10 RED
S?N S?N XU?T (HC1),SST-11100 C10 YELLOW
S?N S?N XU?T (HC1),SST-11100 CLR OAK NA TT VN
S?N S?N XU?T (HC1),SST-11100 DASUNG NA TT VN
S?N S?N XU?T (HC1),SST-11100 EMCH 12270 TT VN
S?N S?N XU?T (HC1),SST-11100 ENAMOROO TT VN
S?N S?N XU?T (HC1),SST-11100 GBR TT VN
S?N S?N XU?T (HC1),SST-11100 KOBA DR TT VN
S?N S?N XU?T (HC1),SST-11100 KOBA GIA CO I TT VN
S?N S?N XU?T (HC1),SST-11100 KOBA GIA CO II TT VN
S?N S?N XU?T (HC1),SST-11100 MAPLE TT VN
S?N S?N XU?T (HC1),SST-11100 MEMOLY TT VN
S?N S?N XU?T (HC1),SST-11100 MR PARK 03 II TT VN
S?N S?N XU?T (HC1),SST-11100 MR PARK 04 MOI TT VN
S?N S?N XU?T (HC1),SST-11100 MR PARK 04 TT VN
S?N S?N XU?T (HC1),SST-11100 MR PARK CINAMON TT VN
S?N S?N XU?T (HC1),SST-11100 MR PARK NATURAL TT VN
S?N S?N XU?T (HC1),SST-11100 MR PARK SCANDY TT VN
S?N S?N XU?T (HC1),SST-11100 MR PARK SQUARE A TT VN
S?N S?N XU?T (HC1),SST-11100 MR PARK WALNUT TT VN
S?N S?N XU?T (HC1),SST-11100 OAK NA TT VN
S?N S?N XU?T (HC1),SST-11100 OLIVER 108 TT VN
S?N S?N XU?T (HC1),SST-11100 PUBLIC DB TT VN
S?N S?N XU?T (HC1),SST-11100 SHI BR TT VN
S?N S?N XU?T (HC1),SST-11100 SHI NA TT VN
S?N S?N XU?T (HC1),SST-11100 SI LBR TT VN
S?N S?N XU?T (HC1),SST-11100 SOFA RZB 33 L TTVN
S?N S?N XU?T (HC1),SST-11100 SURUGA TT VN
S?N S?N XU?T (HC1),SST-11100 TT K 05 TT VN
S?N S?N XU?T (HC1),SST-11100 WALNUT NA I TT VN
S?N S?N XU?T (HC1),ST-(1)-TAN-57 STAIN
S?N S?N XU?T (HC1),ST-(1)-TAN-62 STAIN
S?N S?N XU?T (HC1),ST-(2)-TAN-57 STAIN
S?N S?N XU?T (HC1),ST-(2)-TAN-62 STAIN
S?N S?N XU?T (HC1),ST-(2)-TAN-62 STAIN
S?N S?N XU?T (HC1),ST238:001:TTH16/17-17.00K
S?N S?N XU?T (HC1),STAIN 1 TT 04/20 H
S?N S?N XU?T (HC1),STAIN 1 TT 06/20 H
S?N S?N XU?T (HC1),STAIN 1 TT 07/20 H
S?N S?N XU?T (HC1),STAIN 1 TT 10/20 H
S?N S?N XU?T (HC1),STAIN 1 TT 15/20 H
S?N S?N XU?T (HC1),STAIN 1 TT 16/20 H
S?N S?N XU?T (HC1),STAIN 1 TT 24/20 H
S?N S?N XU?T (HC1),STAIN 1 TT 29/20 H
S?N S?N XU?T (HC1),STAIN 1 TT 33/20 H
S?N S?N XU?T (HC1),STAIN 1 TT 34/20 H
S?N S?N XU?T (HC1),STAIN 1 TT 35/20 H
S?N S?N XU?T (HC1),STAIN 2 TT 04/20 H
S?N S?N XU?T (HC1),STAIN 2 TT 06/20 H
S?N S?N XU?T (HC1),STAIN 2 TT 07/20 H
S?N S?N XU?T (HC1),STAIN 2 TT 15/20 H
S?N S?N XU?T (HC1),STAIN 2 TT 16/20 H
S?N S?N XU?T (HC1),STAIN 2 TT 24/20 H
S?N S?N XU?T (HC1),STAIN 2 TT 29/20 H
S?N S?N XU?T (HC1),STAIN 2 TT 33/20 H
S?N S?N XU?T (HC1),STAIN 2 TT 34/20 H
S?N S?N XU?T (HC1),STAIN 2 TT 35/20 H
S?N S?N XU?T (HC1),STAIN 3 TT 33/20 H
S?N S?N XU?T (HC1),STAIN ?EN BT 01 H
S?N S?N XU?T (HC1),STAIN ?EN BT 01 H
S?N S?N XU?T (HC1),STAIN K25 TR?NG
S?N S?N XU?T (HC1),STAIN LAU ST L1-1108H
S?N S?N XU?T (HC1),STAIN MÀU (8ST TT-67)
S?N S?N XU?T (HC1),STAIN MÀU (8ST TT-68)
S?N S?N XU?T (HC1),STAIN MÀU 1 TT 1052
S?N S?N XU?T (HC1),STAIN MÀU 1 TT 795
S?N S?N XU?T (HC1),STAIN MÀU 1 TT 828
S?N S?N XU?T (HC1),STAIN MÀU 1 TT 848
S?N S?N XU?T (HC1),STAIN MÀU 1 TT 911
S?N S?N XU?T (HC1),STAIN MÀU 2 TT 1052
S?N S?N XU?T (HC1),STAIN MÀU 2 TT 795
S?N S?N XU?T (HC1),STAIN MÀU 2 TT 828
S?N S?N XU?T (HC1),STAIN MÀU 2TT 848
S?N S?N XU?T (HC1),STAIN MÀU TT 1008
S?N S?N XU?T (HC1),STAIN MÀU TT 1009
S?N S?N XU?T (HC1),STAIN MÀU TT 1010
S?N S?N XU?T (HC1),STAIN MÀU TT 1011
S?N S?N XU?T (HC1),STAIN MÀU TT 1013A
S?N S?N XU?T (HC1),STAIN MÀU TT 1013B
S?N S?N XU?T (HC1),STAIN MÀU TT 1030
S?N S?N XU?T (HC1),STAIN MÀU TT 1078A
S?N S?N XU?T (HC1),STAIN MÀU TT 1101
S?N S?N XU?T (HC1),STAIN MÀU TT 1110
S?N S?N XU?T (HC1),STAIN MÀU TT 1113
S?N S?N XU?T (HC1),STAIN MÀU TT 1114
S?N S?N XU?T (HC1),STAIN MÀU TT 1128
S?N S?N XU?T (HC1),STAIN MÀU TT 1129
S?N S?N XU?T (HC1),STAIN MÀU TT 1138
S?N S?N XU?T (HC1),STAIN MÀU TT 1164
S?N S?N XU?T (HC1),STAIN MÀU TT 1165
S?N S?N XU?T (HC1),STAIN MÀU TT 1171
S?N S?N XU?T (HC1),STAIN MÀU TT 1172
S?N S?N XU?T (HC1),STAIN MÀU TT 1173
S?N S?N XU?T (HC1),STAIN MÀU TT 1176
S?N S?N XU?T (HC1),STAIN MÀU TT 1181
S?N S?N XU?T (HC1),STAIN MÀU TT 1200
S?N S?N XU?T (HC1),STAIN MÀU TT 1227
S?N S?N XU?T (HC1),STAIN MÀU TT 1288
S?N S?N XU?T (HC1),STAIN MÀU TT 641
S?N S?N XU?T (HC1),STAIN MÀU TT 642
S?N S?N XU?T (HC1),STAIN MÀU TT 690
S?N S?N XU?T (HC1),STAIN MÀU TT 703
S?N S?N XU?T (HC1),STAIN MÀU TT 724
S?N S?N XU?T (HC1),STAIN MÀU TT 736
S?N S?N XU?T (HC1),STAIN MÀU TT 738A
S?N S?N XU?T (HC1),STAIN MÀU TT 771 B
S?N S?N XU?T (HC1),STAIN MÀU TT 775
S?N S?N XU?T (HC1),STAIN MÀU TT 803
S?N S?N XU?T (HC1),STAIN MÀU TT 830
S?N S?N XU?T (HC1),STAIN MÀU TT 832
S?N S?N XU?T (HC1),STAIN MÀU TT 833
S?N S?N XU?T (HC1),STAIN MÀU TT 833
S?N S?N XU?T (HC1),STAIN MÀU TT 839
S?N S?N XU?T (HC1),STAIN MÀU TT 846
S?N S?N XU?T (HC1),STAIN MÀU TT 847
S?N S?N XU?T (HC1),STAIN MÀU TT 853
S?N S?N XU?T (HC1),STAIN MÀU TT 856
S?N S?N XU?T (HC1),STAIN MÀU TT 861
S?N S?N XU?T (HC1),STAIN MÀU TT 869
S?N S?N XU?T (HC1),STAIN MÀU TT 905
S?N S?N XU?T (HC1),STAIN MÀU TT 906
S?N S?N XU?T (HC1),STAIN MÀU TT 908
S?N S?N XU?T (HC1),STAIN MÀU TT 910
S?N S?N XU?T (HC1),STAIN MÀU TT 913
S?N S?N XU?T (HC1),STAIN MÀU TT 914
S?N S?N XU?T (HC1),STAIN MÀU TT 915
S?N S?N XU?T (HC1),STAIN MÀU TT 919
S?N S?N XU?T (HC1),STAIN MÀU TT 921
S?N S?N XU?T (HC1),STAIN MÀU TT 922
S?N S?N XU?T (HC1),STAIN MÀU TT 948
S?N S?N XU?T (HC1),STAIN MÀU TT 952
S?N S?N XU?T (HC1),STAIN MÀU TT 952
S?N S?N XU?T (HC1),STAIN MÀU TT 953
S?N S?N XU?T (HC1),STAIN MÀU TT 953
S?N S?N XU?T (HC1),STAIN MÀU TT 956
S?N S?N XU?T (HC1),STAIN MÀU TT 956 A
S?N S?N XU?T (HC1),STAIN MÀU TT 995
S?N S?N XU?T (HC1),STAIN MÀU TT1015
S?N S?N XU?T (HC1),STAIN MÀU TT-1171
S?N S?N XU?T (HC1),STAIN MÀU TT-1172
S?N S?N XU?T (HC1),STAIN NC TR?NG
S?N S?N XU?T (HC1),STAIN S?A G? TT 17/20 H
S?N S?N XU?T (HC1),STAIN S?A G? ?? TT 29/20 H
S?N S?N XU?T (HC1),STAIN S?A G? ?? TT 35/20 H
S?N S?N XU?T (HC1),STAIN S?A G? TR?NG TT 37/20 H
S?N S?N XU?T (HC1),STAIN S?A G? TT 02/20 H
S?N S?N XU?T (HC1),STAIN S?A G? TT 06/20 H
S?N S?N XU?T (HC1),STAIN S?A G? TT 14/20 H
S?N S?N XU?T (HC1),STAIN TAN-43
S?N S?N XU?T (HC1),STAIN TAN-43A
S?N S?N XU?T (HC1),STAIN T?O LIGHT TT 19/20 H
S?N S?N XU?T (HC1),STAIN TOP 1288
S?N S?N XU?T (HC1),STAIN TOP 1289
S?N S?N XU?T (HC1),STAIN TOP TT 1033
S?N S?N XU?T (HC1),STAIN TOP TT 1035
S?N S?N XU?T (HC1),STAIN TOP TT 1287
S?N S?N XU?T (HC1),STAIN TOP TT 1290
S?N S?N XU?T (HC1),STAIN TOP TT 1292
S?N S?N XU?T (HC1),STAIN TOP TT 1312
S?N S?N XU?T (HC1),STAIN TOP TT 42
S?N S?N XU?T (HC1),STAIN TOP TT 44
S?N S?N XU?T (HC1),STAIN TOP TT 442
S?N S?N XU?T (HC1),STAIN TOP TT 640
S?N S?N XU?T (HC1),STAIN TOP TT 676
S?N S?N XU?T (HC1),STAIN TOP TT 698
S?N S?N XU?T (HC1),STAIN TOP TT 702
S?N S?N XU?T (HC1),STAIN TOP TT 771
S?N S?N XU?T (HC1),STAIN TOP TT 773
S?N S?N XU?T (HC1),STAIN TOP TT 783
S?N S?N XU?T (HC1),STAIN TOP TT 784
S?N S?N XU?T (HC1),STAIN TOP TT 823
S?N S?N XU?T (HC1),STAIN TOP TT 887
S?N S?N XU?T (HC1),STAIN TOP TT 888
S?N S?N XU?T (HC1),STAIN TOP TT 888
S?N S?N XU?T (HC1),STAIN TOP TT 889
S?N S?N XU?T (HC1),STAIN TOP TT 889
S?N S?N XU?T (HC1),STAIN TOP TT 893
S?N S?N XU?T (HC1),STAIN TOP TT 894
S?N S?N XU?T (HC1),STAIN TOP TT 895
S?N S?N XU?T (HC1),STAIN TOP TT 896
S?N S?N XU?T (HC1),STAIN TOP TT 897
S?N S?N XU?T (HC1),STAIN TT 01/20 H
S?N S?N XU?T (HC1),STAIN TT 02/20 H
S?N S?N XU?T (HC1),STAIN TT 1150
S?N S?N XU?T (HC1),STAIN TT 14/20 H
S?N S?N XU?T (HC1),STAIN TT 1515 A H
S?N S?N XU?T (HC1),STAIN TT 1515 H
S?N S?N XU?T (HC1),STAIN TT 17/20 H
S?N S?N XU?T (HC1),STAIN TT 1718
S?N S?N XU?T (HC1),STAIN TT 19/20 H
S?N S?N XU?T (HC1),STAIN TT 1953
S?N S?N XU?T (HC1),STAIN TT 1954
S?N S?N XU?T (HC1),STAIN TT 1967 A
S?N S?N XU?T (HC1),STAIN TT 1967 B
S?N S?N XU?T (HC1),STAIN TT 1993
S?N S?N XU?T (HC1),STAIN TT 345
S?N S?N XU?T (HC1),STAIN TT 37/20 H
S?N S?N XU?T (HC1),STAIN TT 641
S?N S?N XU?T (HC1),STAIN TT 709
S?N S?N XU?T (HC1),STAIN TT 781
S?N S?N XU?T (HC1),STAIN TT BONE WHITE H
S?N S?N XU?T (HC1),STAIN TT643
S?N S?N XU?T (HC1),STAIN TT668
S?N S?N XU?T (HC1),STAIN TT668B
S?N S?N XU?T (HC1),STAIN TT739A(I)
S?N S?N XU?T (HC1),STAIN TT739A(II)
S?N S?N XU?T (HC1),STAIN TT754
S?N S?N XU?T (HC1),STAIN WOD TR?NG
S?N S?N XU?T (HC1),STAN TOP TT 1287
S?N S?N XU?T (HC1),STAN TOP TT 1288
S?N S?N XU?T (HC1),STIAN MÀU TT956A
S?N S?N XU?T (HC1),ST-TAN-55 STAIN
S?N S?N XU?T (HC1),ST-TAN-61 STAIN
S?N S?N XU?T (HC1),ST-TAN-63 STAIN
S?N S?N XU?T (HC1),ST-TAN-66 STAIN
S?N S?N XU?T (HC1),ST-TAN-69 STAIN
S?N S?N XU?T (HC1),T 229
S?N S?N XU?T (HC1),T 247
S?N S?N XU?T (HC1),T 331
S?N S?N XU?T (HC1),T 331
S?N S?N XU?T (HC1),T-247
S?N S?N XU?T (HC1),T-331
S?N S?N XU?T (HC1),T-331
S?N S?N XU?T (HC1),T-44-1 DUNG MÔI GLAZE
S?N S?N XU?T (HC1),T65FN0037-18.00K
S?N S?N XU?T (HC1),T?Y A
S?N S?N XU?T (HC1),T?Y B
S?N S?N XU?T (HC1),T?Y H2O2
THU?C NGÂM T?M (HC3),T?Y H2O2 - HYDROGEN PEROXIDE 50%
S?N S?N XU?T (HC1),TB 55 BLACK 300
S?N S?N XU?T (HC1),TB 55 RED 300
S?N S?N XU?T (HC1),TB 55 YELLOW 300
S?N S?N XU?T (HC1),TBW 2807 H
S?N S?N XU?T (HC1),TC4259-A
S?N S?N XU?T (HC1),TF1851-7001-C
S?N S?N XU?T (HC1),TF4321-9007-A20.00K
S?N S?N XU?T (HC1),TH4501-90039-A25.00K
S?N S?N XU?T (HC1),THC-73100 101 VN
S?N S?N XU?T (HC1),THC-73100 402 VN
S?N S?N XU?T (HC1),THGZ-72200 VN
S?N S?N XU?T (HC1),THPU-71306 VN
BAO BÌ (BB1),THÙNG TH??NG ?L 180 LBS
BAO BÌ (BB1),THÙNG TH??NG ?L 180 LBS
BAO BÌ (BB1),THÙNG TH??NG ?L 180 LBS
BAO BÌ (BB1),THÙNG TH??NG ?L 180 LBS
BAO BÌ (BB1),THÙNG TH??NG ?L 180 LBS
THU?C NGÂM T?M (HC3),THU?C X?T M?I M?T
S?N S?N XU?T (HC1),TINH MÀU CAM
S?N S?N XU?T (HC1),TINH MÀU ?EN
S?N S?N XU?T (HC1),TINH MÀU ??
S?N S?N XU?T (HC1),TINH MÀU VÀNG
S?N S?N XU?T (HC1),TOL-76114 W VN
S?N S?N XU?T (HC1),TP 44(I)
S?N S?N XU?T (HC1),TP 44(I)
S?N S?N XU?T (HC1),TP-44 (I)
S?N S?N XU?T (HC1),TTH190.101 (S?N LÓT TRONG CHO POLY)
S?N S?N XU?T (HC1),TTH190.102 (S?N LÓT MÀU ??)
S?N S?N XU?T (HC1),TTH190.103 (GLAZE T?O S?)
S?N S?N XU?T (HC1),TTH190.104 (MÀU D?M)
S?N S?N XU?T (HC1),TTH190.11
S?N S?N XU?T (HC1),TTH190.111 (S?N LÓT MÀU XANH)
S?N S?N XU?T (HC1),TTH190.12
S?N S?N XU?T (HC1),TTH190.121 (MÀU T? NHIÊN STAIN NATURAL)
S?N S?N XU?T (HC1),TTH190.122 ( MÀU D?M T? NHIÊN PAD STAIN NATURAL)
S?N S?N XU?T (HC1),TTH190.131 (S?n lót màu sealer color TTH13)
S?N S?N XU?T (HC1),TTH190.132 (Màu lau wipping glaze TTH13)
S?N S?N XU?T (HC1),TTH190.133 (Màu d?m pad stain TTH13)
S?N S?N XU?T (HC1),TTH190.151 (S?n lót màu xanh d??ng Sealer Blue)
S?N S?N XU?T (HC1),TTH190.61 NE STAIN EURO 502
S?N S?N XU?T (HC1),TTH190.62 PAD STAIN EURO 502
S?N S?N XU?T (HC1),TTH190.71 WOOD FILLER CLEAR
S?N S?N XU?T (HC1),TTH190.81 MÀU D?M
S?N S?N XU?T (HC1),TV4114-J
S?N S?N XU?T (HC1),TV4202-J
S?N S?N XU?T (HC1),U9394 (Tinh màu tr?ng Una White)
S?N S?N XU?T (HC1),U9442 (Tinh màu ?en Black EX)
S?N S?N XU?T (HC1),U9443 (Tinh màu xanh lá Green FBH)
S?N S?N XU?T (HC1),U9458 (Tinh màu ?? Red EX)
S?N S?N XU?T (HC1),U9760
S?N S?N XU?T (HC1),U9761
S?N S?N XU?T (HC1),U9763
S?N S?N XU?T (HC1),U9764
S?N S?N XU?T (HC1),V70FN0748-25.00K
S?N S?N XU?T (HC1),V70FN0748-3.00K
S?N S?N XU?T (HC1),VÀNG 608 W
S?N S?N XU?T (HC1),VÀNG 608 W
S?N S?N XU?T (HC1),VÀNG 608 W
S?N S?N XU?T (HC1),VÀNG C26W
S?N S?N XU?T (HC1),VÀNG CAM 210K
S?N S?N XU?T (HC1),VÀNG CAM 2RA
S?N S?N XU?T (HC1),VÀNG G313 BT
S?N S?N XU?T (HC1),VÀNG Y 57
S?N S?N XU?T (HC1),VÀNG YP 618 (1-1) PE
S?N S?N XU?T (HC1),VÀNG YS 618 (1-1) DM
S?N S?N XU?T (HC1),VÀNG YZ 2288 (1-1) DM
S?N S?N XU?T (HC1),VÀNG YZ 2288 (1-1) DM
S?N S?N XU?T (HC1),VÀNG YZ 2288 (1-1) PE
S?N S?N XU?T (HC1),VINATEX 6ST TT81 (MÀU STAIN )
S?N S?N XU?T (HC1),VINATEX 6ST TT85 ( stain màu nâu )
S?N S?N XU?T (HC1),VINATEX 6ST TT86 ( Stain màu t? nhiên )
S?N S?N XU?T (HC1),VINATEX 801B ( C?ng lót PU)
S?N S?N XU?T (HC1),VINATEX 803B (C?ng PU)
S?N S?N XU?T (HC1),VINATEX 809B (C?ng PU pha bóng)
S?N S?N XU?T (HC1),VINATEX 8BC TT87 ( Based coat màu vàng )
S?N S?N XU?T (HC1),VINATEX AL 110 (Tinh màu ?en)
S?N S?N XU?T (HC1),VINATEX AL 362 (Tinh màu vàng)
S?N S?N XU?T (HC1),VINATEX AL 410 (Tinh màu ??)
S?N S?N XU?T (HC1),VINATEX AL 611 (Tinh màu xanh lá)
S?N S?N XU?T (HC1),VINATEX NC - 6109P (Lót NC trong)
S?N S?N XU?T (HC1),VINATEX NC 6001G30 (Bóng NC 30%)
S?N S?N XU?T (HC1),VINATEX NC 6001G5 (BÓNG NC)
S?N S?N XU?T (HC1),VINATEX PU 8001 G90 (BÓNG PU)
S?N S?N XU?T (HC1),VINATEX PU 8001G10 ( Bóng PU trong gloss 10%)
S?N S?N XU?T (HC1),VINATEX PU 8001G30 (Bóng PU trong)
S?N S?N XU?T (HC1),VINATEX PU 8001G5 (BÓNG PU TRONG )
S?N S?N XU?T (HC1),VINATEX PU 8001G5 (BÓNG PU)
S?N S?N XU?T (HC1),VINATEX PU 8108P (Lót PU trong)
S?N S?N XU?T (HC1),VINATEX PU 8109P (LÓT PU TRONG )
S?N S?N XU?T (HC1),VINATEX PU-7002G10 (Bóng PU ch?ng ng? vàng)
S?N S?N XU?T (HC1),VINATEX PU-7101P (Lót PU)
S?N S?N XU?T (HC1),VINATEX SS 01 (Tinh màu ?en h? dung môi )
S?N S?N XU?T (HC1),VINATEX SS 03 (Tinh màu vàng h? dung môi)
S?N S?N XU?T (HC1),VINATEX SS 04 (Tinh màu ?? h? dung môi)
S?N S?N XU?T (HC1),VINATEX SS 05 (Tinh màu xanh h? dung môi)
S?N S?N XU?T (HC1),VINATEX T 818 (X?ng PU)
S?N S?N XU?T (HC1),VINATEX T 820 (Ch?ng m?c h? PU)
S?N S?N XU?T (HC1),VINATEX T 840 (X?ng pha stain)
S?N S?N XU?T (HC1),VINATEX T811 (Ch?t d?m t?ng ?? bám dính)
S?N S?N XU?T (HC1),VINATEX T-815 ( X?ng lót PU)
S?N S?N XU?T (HC1),VINATEX U 215 (Tinh màu tr?ng)
S?N S?N XU?T (HC1),W7018-20%
S?N S?N XU?T (HC1),W7018-20% S?N BÓNG TRONG 20%
S?N S?N XU?T (HC1),W7019-10% (S?N BÓNG TRONG SATIN 10%)
S?N S?N XU?T (HC1),W7108-20% (BÓNG TRONG 20%)
S?N S?N XU?T (HC1),W8046
S?N S?N XU?T (HC1),WASH COAT BA
S?N S?N XU?T (HC1),WASH LAU BT 3007 H
S?N S?N XU?T (HC1),WAX 1-2710H
S?N S?N XU?T (HC1),WB 3908 10%
S?N S?N XU?T (HC1),WB 3908 20%
S?N S?N XU?T (HC1),WB 3908 30%
S?N S?N XU?T (HC1),WB 3978 TAN 31M (RUBBER CREAM)
S?N S?N XU?T (HC1),WB 3978 TAN 39 (RUBBER WHITE FOR ISABELLA)
S?N S?N XU?T (HC1),WBG-601-TAN-57 GLAZE
S?N S?N XU?T (HC1),WBG-601-WHITE GLAZE TR?NG
S?N S?N XU?T (HC1),WF-506 FILLER H
S?N S?N XU?T (HC1),WHITE GLAZE
S?N S?N XU?T (HC1),WOOD FILLER BT 0507 H
S?N S?N XU?T (HC1),WOOD FILLER MÀU TT 1227
S?N S?N XU?T (HC1),WOOD FILLER MÀU TT 905
S?N S?N XU?T (HC1),WOOD FILLER TT 1033
S?N S?N XU?T (HC1),WOOD FILLER TT 1101
S?N S?N XU?T (HC1),WOOD FILLER TT 1114
S?N S?N XU?T (HC1),WOOD FILLER TT 1129
S?N S?N XU?T (HC1),WOOD FILLER TT 1138
S?N S?N XU?T (HC1),WOOD FILLER TT 1150
S?N S?N XU?T (HC1),WOOD FILLER TT 1164
S?N S?N XU?T (HC1),WOOD FILLER TT 1165
S?N S?N XU?T (HC1),WOOD FILLER TT 1171
S?N S?N XU?T (HC1),WOOD FILLER TT 1172
S?N S?N XU?T (HC1),WOOD FILLER TT 1173
S?N S?N XU?T (HC1),WOOD FILLER TT 1176
S?N S?N XU?T (HC1),WOOD FILLER TT 1227
S?N S?N XU?T (HC1),WOOD FILLER TT 1289
S?N S?N XU?T (HC1),WOOD FILLER TT 1290
S?N S?N XU?T (HC1),WOOD FILLER TT 1312
S?N S?N XU?T (HC1),WOOD FILLER TT 367
S?N S?N XU?T (HC1),WOOD FILLER TT 427B
S?N S?N XU?T (HC1),WOOD FILLER TT 442
S?N S?N XU?T (HC1),WOOD FILLER TT 442A
S?N S?N XU?T (HC1),WOOD FILLER TT 442B
S?N S?N XU?T (HC1),WOOD FILLER TT 642
S?N S?N XU?T (HC1),WOOD FILLER TT 676
S?N S?N XU?T (HC1),WOOD FILLER TT 678
S?N S?N XU?T (HC1),WOOD FILLER TT 690
S?N S?N XU?T (HC1),WOOD FILLER TT 698
S?N S?N XU?T (HC1),WOOD FILLER TT 702
S?N S?N XU?T (HC1),WOOD FILLER TT 713
S?N S?N XU?T (HC1),WOOD FILLER TT 713A
S?N S?N XU?T (HC1),WOOD FILLER TT 726
S?N S?N XU?T (HC1),WOOD FILLER TT 728A
S?N S?N XU?T (HC1),WOOD FILLER TT 744
S?N S?N XU?T (HC1),WOOD FILLER TT 773
S?N S?N XU?T (HC1),WOOD FILLER TT 783
S?N S?N XU?T (HC1),WOOD FILLER TT 784
S?N S?N XU?T (HC1),WOOD FILLER TT 889
S?N S?N XU?T (HC1),WOOD FILLER TT 889
S?N S?N XU?T (HC1),WOOD FILLER TT 893
S?N S?N XU?T (HC1),WOOD FILLER TT 894
S?N S?N XU?T (HC1),WOOD FILLER TT 895
S?N S?N XU?T (HC1),WOOD FILLER TT 896
S?N S?N XU?T (HC1),WOOD FILLER TT 897
S?N S?N XU?T (HC1),WOOD FILLER TT 995
S?N S?N XU?T (HC1),WOOD FILLER TT-1171
S?N S?N XU?T (HC1),WOOD FILLER TT-1172
S?N S?N XU?T (HC1),WOOD FILLER T? NHIÊN
S?N S?N XU?T (HC1),X?NG CÔNG NGHI?P
S?N S?N XU?T (HC1),X?NG CÔNG NGHI?P
S?N S?N XU?T (HC1),XANH D??NG 4 GA
S?N S?N XU?T (HC1),XANH LÁ C7W
S?N S?N XU?T (HC1),XANH LÁ CÂY
S?N S?N XU?T (HC1),XANH LÁ GT
S?N S?N XU?T (HC1),XX89802-1068-M
S?N S?N XU?T (HC1),XZ8986-034-B5.00K
S?N S?N XU?T (HC1),ZZ000-P5795-5.00K (Kombi toner p yellow)
S?N S?N XU?T (HC1),ZZ000-P6805-5.00K (Levanyl red bb-lf)
S?N S?N XU?T (HC1),ZZ000-P7811-5.00K (Levanyl schwarz n-lf)
